﻿pos_x,pos_y,rotation,side,designator,mpn,pack,value,mount_type,place
139.992,-74.889,0.0,top,C1,,C_0603_1608Metric,47p,smt,True
101.463349,-111.125,0.0,top,C10,,CP_Radial_D8.0mm_P2.50mm,1000uF_25V,tht,True
142.926,-70.965,90.0,top,C2,,C_0603_1608Metric,47p,smt,True
90.473,-117.983,-90.0,top,C3,,C_1206_3216Metric,10u,smt,True
104.697,-125.603,0.0,top,C4,,C_1206_3216Metric,47u,smt,True
92.649,-91.059,0.0,top,C5,,C_0805_2012Metric,1u,smt,True
82.472,-92.075,0.0,top,C6,,C_1206_3216Metric,47u,smt,True
82.357,-88.519,0.0,top,C7,,C_0805_2012Metric,1u,smt,True
104.206,-122.174,180.0,top,C8,,C_0805_2012Metric,1u,smt,True
101.386,-102.362,0.0,top,C9,,CP_Radial_D8.0mm_P2.50mm,1000uF_25V,tht,True
93.5265,-113.1345,90.0,top,D1,,D_SMA,SS14,smt,True
81.661,-115.824,-90.0,top,J1,,HRO_TYPE-C-31-M-12,TYPE-C-31-M-12,smt,True
141.656,-78.421,180.0,top,J2,,U.FL_Molex_MCRF_73412-0110_Vertical,Conn_Coaxial_Small,smt,True
109.474,-103.627,0.0,top,J3,,PinHeader_1x07_P2.54mm_Vertical,SIM7670,tht,True
87.376,-125.217,0.0,top,J4,,PinHeader_1x02_P2.54mm_Vertical,Jumper,tht,True
82.296,-107.041,180.0,top,J5,,PinHeader_1x04_P2.54mm_Vertical,UART,tht,True
81.915,-128.143,0.0,top,J6,,TestPoint_Pad_2.5x2.5mm,VIN,tht,True
81.915,-123.952,0.0,top,J7,,TestPoint_Pad_2.5x2.5mm,GND,tht,True
142.291,-74.1015,90.0,top,L1,,L_0603_1608Metric,47n,smt,True
97.409,-125.73,0.0,top,L2,,L_Vishay_IHLP-2525,3.3u,smt,True
124.2845,-72.796,180.0,top,Q1,,SOT-23,MMBT5401,smt,True
124.194,-70.063,0.0,top,R1,,R_0603_1608Metric,100K,smt,True
87.886,-118.11,-90.0,top,R10,,R_0402_1005Metric,5.1k,smt,True
92.138,-122.047,-90.0,top,R2,,R_0603_1608Metric,100K,smt,True
140.3625,-71.587,180.0,top,R3,,R_0805_2012Metric,10,smt,True
92.393,-89.154,0.0,top,R8,,R_0603_1608Metric,10K,smt,True
88.265,-114.556,0.0,top,R9,,R_0402_1005Metric,5.1k,smt,True
87.63,-91.567,90.0,top,S1,,SW_TS-1187A-B-A-B,TS-1187A-B-A-B,smt,True
98.298,-91.567,90.0,top,S2,,SW_TS-1187A-B-A-B,TS-1187A-B-A-B,smt,True
132.588,-71.628,0.0,top,U1,,ublox_MAX,MAX-M10S,smt,True
90.998,-124.98,0.0,top,U2,,WSON-8-1EP_2x2mm_P0.5mm_EP0.9x1.6mm_ThermalVias,TPS62162DSG,smt,True
86.632,-77.116,90.0,top,U3,,ESP32-S3-WROOM-1,ESP32-S3-WROOM-1,smt,True
112.268,-76.327,0.0,top,U4,,Ai-Thinker-Ra-01-LoRa,Ai-Thinker-Ra-01,smt,True
85.481,-104.77,0.0,top,U5,,DIP-4_W7.62mm,PC817,tht,True
88.138,-100.203,180.0,top,U6,,SOIC-8_3.9x4.9mm_P1.27mm,INA219AxD,smt,True
104.397,-91.883,90.0,top,U7,,SOIC-8_3.9x4.9mm_P1.27mm,FM24CL16B,smt,True
