﻿designator,quantity,value,pack,mpn,mount_type
"C1, C2",2,47p,C_0603_1608Metric,,smt
"C10, C9",2,1000uF_25V,CP_Radial_D8.0mm_P2.50mm,,tht
C3,1,10u,C_1206_3216Metric,,smt
"C4, C6",2,47u,C_1206_3216Metric,,smt
"C5, C7, C8",3,1u,C_0805_2012Metric,,smt
D1,1,SS14,D_SMA,,smt
J1,1,TYPE-C-31-M-12,HRO_TYPE-C-31-M-12,,smt
J2,1,Conn_Coaxial_Small,U.FL_Molex_MCRF_73412-0110_Vertical,,smt
J3,1,SIM7670,PinHeader_1x07_P2.54mm_Vertical,,tht
J4,1,Jumper,PinHeader_1x02_P2.54mm_Vertical,,tht
J5,1,UART,PinHeader_1x04_P2.54mm_Vertical,,tht
J6,1,VIN,TestPoint_Pad_2.5x2.5mm,,tht
J7,1,GND,TestPoint_Pad_2.5x2.5mm,,tht
L1,1,47n,L_0603_1608Metric,,smt
L2,1,3.3u,L_Vishay_IHLP-2525,,smt
Q1,1,MMBT5401,SOT-23,,smt
"R1, R2",2,100K,R_0603_1608Metric,,smt
"R10, R9",2,5.1k,R_0402_1005Metric,,smt
R3,1,10,R_0805_2012Metric,,smt
R8,1,10K,R_0603_1608Metric,,smt
"S1, S2",2,TS-1187A-B-A-B,SW_TS-1187A-B-A-B,,smt
U1,1,MAX-M10S,ublox_MAX,,smt
U2,1,TPS62162DSG,WSON-8-1EP_2x2mm_P0.5mm_EP0.9x1.6mm_ThermalVias,,smt
U3,1,ESP32-S3-WROOM-1,ESP32-S3-WROOM-1,,smt
U4,1,Ai-Thinker-Ra-01,Ai-Thinker-Ra-01-LoRa,,smt
U5,1,PC817,DIP-4_W7.62mm,,tht
U6,1,INA219AxD,SOIC-8_3.9x4.9mm_P1.27mm,,smt
U7,1,FM24CL16B,SOIC-8_3.9x4.9mm_P1.27mm,,smt
